{"mean": 2.480544178934762, "std": 1.4863239131728123}