{"mean": 1.7723654597712877, "std": 0.9142144343451273}