{"mean": -6.536452537664287, "std": 0.5977389486111967}